,Dependents,ApplicantIncome,LoanAmount,Loan_Amount_Term,Credit_History,Gender_Male,Gender_nan,Married_Yes,Married_nan,Self_Employed_Yes,Self_Employed_nan,Education_Not Graduate,Property_Area_Semiurban,Property_Area_Urban,Loan_Status_Y,TotalIncome
0,0.0,1.0829518845609207,1.056389658245763,0.75,1.0,True,False,False,False,False,False,False,False,True,True,0.8410857163749511
1,0.3333333333333333,0.92404125294331,1.045549443692898,0.75,1.0,True,False,True,False,False,False,False,False,False,False,0.8717109718398506
2,0.0,0.6815116258871976,0.6332490389788762,0.75,1.0,True,False,True,False,True,False,False,False,True,True,0.3851894195209513
3,0.0,0.6064629293063449,1.0009738191041937,0.75,1.0,True,False,True,False,False,False,True,False,True,True,0.7170116029348105
4,0.0,1.1003246178536221,1.1139972075075892,0.75,1.0,True,False,False,False,False,False,False,False,True,True,0.8603046129103662
5,0.6666666666666666,1.0315150364236982,1.6094379124341003,0.75,1.0,True,False,True,False,True,False,False,False,True,True,1.2356284700221234
6,0.0,0.5586114889618625,0.8472978603872034,0.75,1.0,True,False,True,False,False,False,True,False,True,True,0.5440038713814215
7,1.0,0.6877340986479663,1.1969716088669524,0.75,0.0,True,False,True,False,False,False,False,True,False,False,0.8005667014357122
8,0.6666666666666666,0.84229085486008,1.2427461902518968,0.75,1.0,True,False,True,False,False,False,False,False,True,True,0.7994955490378659
9,0.3333333333333333,1.6770885524830523,1.8359865126968196,0.75,1.0,True,False,True,False,False,False,False,True,False,False,2.0374327765554523
10,0.6666666666666666,0.7156009940522741,0.6656405347701118,0.75,1.0,True,False,True,False,False,False,False,False,True,True,0.5527862918105673
11,0.6666666666666666,0.5908287815176331,0.9362453464036998,0.75,1.0,True,False,True,False,False,True,False,False,True,True,0.6255144536752172
12,0.6666666666666666,0.6940893244350397,1.3765571858420322,0.75,1.0,True,False,True,False,False,False,False,False,True,True,1.3628214701715122
13,0.0,0.459775839167384,0.9661877030187782,0.75,1.0,True,False,False,False,False,False,False,False,False,False,0.6802645094499633
14,0.6666666666666666,0.3320555934461189,0.11692133805890229,0.25,1.0,True,False,True,False,False,False,False,False,True,True,0.2520226628590253
15,0.0,0.9727633922156034,1.0290655539712086,0.75,1.0,True,False,False,False,False,False,False,False,True,True,0.7183201054424656
16,0.3333333333333333,0.7798514552713908,0.879980507817562,0.5,1.0,True,False,False,False,False,False,True,False,True,True,0.4992579699570602
17,0.0,0.766244726871029,0.7123416278160924,0.75,0.0,False,False,False,False,False,False,False,False,True,False,0.4835802174623994
18,0.0,0.9645666250114248,1.0724327830863385,0.75,1.0,True,False,True,False,False,False,True,False,False,False,0.7091244269514781
19,0.0,0.609635165592225,0.9720700729218448,0.75,1.0,True,False,True,False,False,True,False,False,True,True,0.8728320352733607
20,0.0,1.2737194619103893,0.9053786984231724,0.75,0.0,True,False,True,False,False,False,True,False,True,False,1.0503158936570904
21,0.3333333333333333,1.0951788089002181,1.7481882209344146,0.75,1.0,True,False,True,False,False,False,False,False,True,True,1.3929467360697012
22,0.0,0.609635165592225,0.9779180428042678,0.75,0.0,True,False,True,False,False,False,True,True,False,False,0.6524109338097672
23,0.6666666666666666,0.7428754119719334,0.9543181274633944,0.75,0.0,False,True,True,False,False,False,True,False,False,False,0.7654304186887159
24,0.3333333333333333,0.7986876286150851,1.1636351885993605,0.75,1.0,True,False,True,False,False,True,False,True,False,False,0.9381281776713063
25,0.0,1.44110545393757,1.340696769681018,0.75,1.0,True,False,True,False,True,False,False,True,False,True,1.2310274050076777
26,0.0,0.6460394050080509,1.0123053851137436,0.75,1.0,True,False,True,False,False,False,False,True,False,True,0.7330313593230168
27,0.6666666666666666,0.8742540610586476,0.9423059710153908,0.75,1.0,True,False,True,False,False,False,True,False,True,True,0.7632102284153898
28,0.0,0.3666167906170076,0.3386846269041537,0.75,1.0,True,False,False,False,False,False,True,False,True,False,0.005599283908393932
29,0.6666666666666666,0.8037637816469456,1.0009738191041937,0.75,1.0,False,False,False,False,False,True,False,True,False,True,0.8390274652319268
30,0.3333333333333333,0.865637651033208,1.3804634408090974,0.75,1.0,True,False,True,False,False,True,False,False,True,False,1.0371993586271775
31,0.0,0.710055693335849,0.6970156573378656,0.75,1.0,True,False,False,False,False,False,False,False,True,False,0.4184853421915556
32,0.3333333333333333,0.9387613026621919,0.9178399188609845,0.75,1.0,True,False,False,False,True,False,False,False,False,False,0.6801135681609324
33,0.0,0.7646504658717375,0.9661877030187782,0.75,1.0,True,False,True,False,False,False,False,True,False,True,0.7493620956483444
34,1.0,1.6549993009365787,1.7615932474024625,0.75,1.0,True,False,False,False,False,False,False,False,False,False,1.6476662938943263
35,0.0,0.5471749056676558,1.056389658245763,0.75,1.0,True,False,True,False,False,False,False,False,True,True,0.6258332502844867
36,0.0,0.45435047863745304,0.879980507817562,0.75,0.0,True,False,True,False,False,False,False,False,True,False,0.41671893611744754
37,0.0,0.7909470527730085,1.1291490125281913,0.75,1.0,False,False,True,False,False,False,False,True,False,True,0.7435703766379439
38,0.0,0.865637651033208,1.3118881930492432,0.75,1.0,True,False,False,False,False,False,False,False,True,True,1.3777345868715176
39,0.0,0.8034568684242495,0.9423059710153908,0.75,1.0,True,False,False,False,False,False,True,True,False,True,0.7838335059026826
40,0.0,0.7804798426929009,0.7423064165180289,0.75,1.0,True,False,False,False,False,False,False,False,True,False,0.49998121980314153
41,0.0,0.4482389240914508,0.463197574776736,0.75,1.0,True,False,False,False,False,False,False,False,True,True,0.3878214835094418
42,0.0,0.5716619273952123,0.7047080029610213,0.75,1.0,True,False,True,False,False,False,False,False,True,True,0.2554908002537674
43,0.0,0.8326482938698154,1.0777238007207541,0.75,1.0,True,False,True,False,False,False,False,True,False,True,0.8946279952549302
44,0.0,0.9391633935401466,0.853920401147697,0.75,1.0,True,False,True,False,True,False,True,False,True,True,0.6805663236953966
45,0.0,0.750186573702054,0.799669811397949,0.75,1.0,False,False,False,False,False,False,False,False,True,True,0.4650357296672488
46,0.3333333333333333,1.0594669796984253,0.4334924203628202,0.75,1.0,True,False,True,False,False,False,False,False,True,True,0.8150479775506501
47,0.0,1.079697013916369,1.1291490125281913,0.75,1.0,True,False,True,False,False,False,False,False,True,True,0.8374809919613809
48,0.0,0.6179840081500343,1.0009738191041937,0.75,0.0,False,False,True,False,False,False,False,False,True,False,0.8709628973952496
49,0.0,0.8414046573277452,1.1291490125281913,0.75,1.0,False,False,False,False,False,False,False,True,False,True,0.894384348124208
50,0.0,0.4758775180839572,0.879980507817562,0.75,1.0,False,False,True,False,False,False,True,True,False,True,0.4949074514342563
51,0.0,0.6963126877590161,1.0009738191041937,0.75,1.0,False,False,False,False,False,False,False,True,False,True,0.4024742235185773
52,0.0,0.8748258572288976,0.9543181274633944,0.75,1.0,False,False,False,False,False,False,False,True,False,False,0.6078222570125368
53,0.6666666666666666,0.9285206957531176,1.0777238007207541,0.75,1.0,True,False,True,False,False,False,False,False,True,False,0.6685748486741726
54,0.3333333333333333,1.5872571382501521,1.666682455209118,0.75,0.0,False,False,True,False,True,False,False,False,True,False,1.3870087374947888
55,0.6666666666666666,0.6295565105551028,0.8604993722457394,0.75,1.0,True,False,True,False,False,False,False,True,False,True,0.548490820829699
56,0.0,0.5184060739151621,0.853920401147697,0.75,1.0,True,False,True,False,False,False,False,True,False,True,0.521969586229816
57,0.0,0.7430384643120955,1.0829869707650288,0.75,1.0,True,False,True,False,False,False,False,False,False,False,0.8040400438783972
58,0.3333333333333333,1.3132075535117946,1.2950456896547455,0.75,1.0,True,False,True,False,False,False,False,False,True,True,1.295878075800562
59,0.6666666666666666,0.7415700352670291,1.1291490125281913,0.75,1.0,True,False,True,False,False,False,True,False,True,True,0.8871699205664038
60,0.0,0.5908287815176331,1.0009738191041937,0.75,1.0,True,False,True,False,False,False,False,False,True,True,0.8969396870215338
61,1.0,0.686527201949745,0.8735288725360733,0.75,1.0,True,False,True,False,False,False,False,False,True,True,0.3910514653681382
62,0.0,0.6113105196698698,1.2292324710851739,0.375,0.0,True,False,True,False,True,False,True,False,False,False,0.867589619837207
63,0.3333333333333333,0.9721153040529321,1.056389658245763,0.75,0.0,True,False,True,False,False,False,False,False,False,False,0.7175933709952095
64,0.0,0.865637651033208,0.9779180428042678,0.75,0.0,False,False,False,False,False,False,False,True,False,False,0.5973827144646994
65,0.0,1.0685740798986547,1.5811341362712485,0.75,1.0,True,False,True,False,False,False,False,True,False,False,1.2951438669173858
66,0.0,0.7156009940522741,1.0345904299031785,0.375,0.0,True,False,False,False,False,False,True,False,True,False,0.7889912401612391
67,0.3333333333333333,1.5332580570954488,1.7400580948511646,0.75,1.0,True,False,True,False,False,False,False,False,True,True,1.3295550915611876
68,1.0,1.2185194433762911,1.0290655539712086,0.125,1.0,True,False,True,False,True,False,True,False,True,True,0.9901641323987347
69,0.0,0.8847797254070343,1.088222584818974,0.75,0.0,False,False,False,False,False,False,False,True,False,False,0.6191170854761905
70,0.0,0.7169406911462247,1.2604850145892783,0.75,1.0,True,False,True,False,False,False,False,False,True,True,0.8942625022937586
71,0.6666666666666666,0.4645259290661497,0.8604993722457394,0.75,1.0,True,False,True,False,True,False,True,True,False,True,0.5267322622731012
72,0.0,0.7646504658717375,0.7496593908232877,0.625,1.0,True,False,False,False,False,False,False,True,False,True,0.4817411677692825
73,1.0,0.9471714443434892,0.8472978603872034,0.75,0.0,True,False,True,False,False,False,True,True,False,False,0.6895786515165593
74,1.0,1.0128932133226787,1.3243364865758112,0.75,1.0,True,False,True,False,True,False,False,True,False,True,0.9834993608792272
75,0.0,0.8037637816469456,0.9602705259906897,1.0,1.0,True,False,False,False,False,False,False,False,True,False,0.5267322622731012
76,0.0,0.8037637816469456,1.277914649724562,0.75,1.0,True,False,False,False,False,False,False,False,True,False,1.13425950758154
77,0.3333333333333333,0.2556845663399394,0.9423059710153908,0.75,1.0,True,False,True,False,True,False,False,False,True,False,0.5734874781893752
78,1.0,0.710055693335849,1.2950456896547455,0.625,0.0,True,False,True,False,False,False,False,True,False,False,0.9975543399147517
79,1.0,0.7376436498546778,1.056389658245763,0.75,1.0,True,False,True,False,True,False,True,True,False,True,0.7950648771598208
80,0.0,0.8183859293053909,0.9483300856187717,0.75,1.0,False,False,False,False,False,False,False,True,False,True,0.5434848485340629
81,0.3333333333333333,0.5706938731085771,1.1946269419076982,0.75,1.0,True,False,True,False,True,False,False,True,False,True,0.2543360903819658
82,0.6666666666666666,0.35129632339556244,1.238261877804568,0.75,1.0,False,False,True,False,False,False,False,False,True,False,0.43636519780347116
83,0.0,1.1003246178536221,1.603217052558998,0.75,1.0,True,False,True,False,False,False,False,True,False,False,1.1100043523266716
84,0.3333333333333333,0.8396299027393028,0.49204572911439437,0.5,1.0,True,False,True,False,False,False,False,False,True,True,0.56776123596165
85,0.0,0.5650606025783084,1.088222584818974,0.75,1.0,True,False,False,False,False,False,False,True,False,True,0.7105897161668018
86,0.6666666666666666,0.7376436498546778,0.8735288725360733,0.75,1.0,True,False,True,False,False,False,True,True,False,True,0.7724745567137921
87,0.0,0.5908287815176331,0.9053786984231724,0.75,1.0,True,False,True,False,False,False,False,True,False,True,0.6688802111857397
88,0.0,1.3570358565437004,1.4149496168802667,0.75,1.0,True,False,False,False,False,False,False,False,True,True,1.1405659081736366
89,0.0,1.0649175530598194,1.2735856386349764,0.75,1.0,True,False,True,False,False,False,False,True,False,True,1.2569658713396996
90,0.0,0.6742027966926831,1.0617660152821433,0.75,1.0,True,False,True,False,False,False,False,True,False,True,0.8422416236547697
91,0.6666666666666666,1.128440048616983,1.3284517187209177,0.375,1.0,True,False,True,False,False,False,False,True,False,True,1.416641420842684
92,0.6666666666666666,0.7277597047989075,0.7496593908232877,0.75,1.0,True,False,True,False,False,False,True,False,True,True,0.7388842609146558
93,0.0,0.8608667875673837,1.0123053851137436,0.75,1.0,True,False,False,False,False,False,False,True,False,True,0.5919569369124209
94,0.0,0.7836158703512488,0.22159196062279088,0.25,1.0,True,False,False,False,False,False,True,True,False,True,0.5035896434246142
95,0.0,1.1857617119224981,1.056389658245763,0.75,1.0,True,False,False,False,False,True,False,False,True,False,0.9543236270307438
96,0.0,0.5877866649021191,1.093430929926112,0.75,1.0,False,False,True,False,False,False,False,True,False,True,0.694203390807098
97,0.0,0.48625896725310214,0.49204572911439437,0.75,1.0,True,False,True,False,False,False,False,True,False,True,0.3799044166436415
98,0.0,0.8688056283389141,0.9720700729218448,0.375,1.0,True,False,True,False,False,False,True,True,False,True,0.6009836131779702
99,0.0,0.439221928754784,1.0617660152821433,0.75,1.0,True,False,True,False,False,False,False,True,False,True,0.7679222548926368
100,0.6666666666666666,0.8830803693371042,1.0724327830863385,0.375,1.0,True,False,True,False,False,False,True,False,True,True,1.0388879077919497
101,0.0,0.9588017875590105,1.1636351885993605,0.75,1.0,True,False,False,False,False,False,False,True,False,True,1.1484406425663403
102,0.0,1.7276207539044168,1.056389658245763,0.75,1.0,True,False,True,False,False,False,False,False,True,True,1.5354791334439593
103,0.0,0.9333845842854701,1.056389658245763,0.75,1.0,True,False,True,False,False,False,False,True,False,True,1.1085301639872007
104,0.0,0.8138394336356873,1.2062956857420757,0.75,1.0,True,False,False,True,False,False,False,False,True,True,0.6615256511518448
105,0.3333333333333333,0.69048726222132,0.879980507817562,0.75,1.0,True,False,True,False,False,False,False,False,True,True,0.5835133074476613
106,0.6666666666666666,1.581422733959059,1.4699085011610242,0.75,1.0,True,False,True,False,False,False,False,False,True,True,1.4617886628782197
107,0.0,1.2418578423938051,1.0009738191041937,0.75,1.0,True,False,False,False,False,True,True,False,False,False,1.0156325156577606
108,0.6666666666666666,0.8114061573989838,1.4372969155722635,0.75,0.0,True,False,True,False,False,False,False,False,True,False,1.0228375509711238
109,1.0,0.5058776701602861,0.8406311690290141,1.0,1.0,True,False,True,False,False,False,True,True,False,True,0.3490664705983076
110,0.0,1.0190978618809499,1.088222584818974,0.75,1.0,True,False,False,False,False,False,False,False,True,True,0.7701320197027329
111,0.0,0.6691248659774593,1.1037669392567742,0.75,1.0,False,False,True,False,False,True,False,True,False,True,0.7626544097966506
112,0.0,0.7760728158072917,1.1684661158690262,0.75,0.0,True,False,True,False,False,False,True,False,False,False,1.0530226518163783
113,0.3333333333333333,1.2534727177878797,1.1946269419076982,0.75,1.0,False,False,False,False,True,False,False,True,False,True,1.028287393043987
114,0.0,0.9856377251712852,0.989512375585187,0.75,1.0,True,False,False,False,False,True,False,True,False,True,0.7327449737680651
115,0.3333333333333333,1.7828942392428548,1.3160548657440891,0.375,1.0,True,False,True,False,False,False,False,False,False,True,1.5936296422895302
116,0.0,0.710055693335849,1.1780585155604657,0.75,1.0,False,False,True,False,False,False,False,True,False,True,0.7884495718027209
117,0.3333333333333333,0.5350039653241999,0.7785422649720736,0.75,1.0,True,False,True,False,False,False,False,False,True,True,0.5021478360859292
118,0.0,1.0497964172273746,1.2735856386349764,0.75,1.0,True,False,True,False,False,False,False,False,False,False,1.0555147116165122
119,0.0,1.5076319591928804,1.5843188523387683,0.75,1.0,False,False,False,False,False,False,False,False,True,True,1.30221873952568
120,0.0,1.061603352239655,1.2950456896547455,0.75,1.0,True,False,True,False,False,False,False,False,False,True,1.1182198848737432
121,0.0,0.865637651033208,0.4334924203628202,0.75,1.0,False,False,False,False,False,False,False,True,False,True,0.5973827144646994
122,0.0,0.5194260658436594,1.093430929926112,0.75,0.0,False,False,False,False,False,False,False,True,False,True,1.3580816148419108
123,0.6666666666666666,0.6740281242031559,0.7496593908232877,0.75,1.0,True,False,True,False,False,False,False,True,False,True,0.37643367429542374
124,0.0,0.8847797254070343,1.3527936913898464,0.75,1.0,True,False,True,False,False,False,True,False,False,True,0.8991247923374412
125,0.0,0.7948248302396449,0.8339197344410275,0.75,1.0,False,False,False,False,False,False,False,False,False,True,0.5164732086362055
126,1.0,2.2090744926321206,1.886599724211702,0.75,1.0,False,True,True,False,False,False,False,False,False,True,2.037199663574346
127,0.0,0.8212547218511838,1.056389658245763,0.75,1.0,True,False,False,False,False,False,False,False,False,True,0.7958719153835911
128,0.3333333333333333,1.5155697087633573,1.2062956857420757,0.375,0.0,True,False,True,False,True,False,False,False,True,False,1.5802193800897624
129,0.0,1.1094078480589074,1.303502399672969,0.75,1.0,True,False,True,False,False,False,False,False,False,False,1.1484406425663403
130,0.0,2.061871638508067,2.392241547491142,1.0,1.0,True,False,False,False,True,False,False,False,True,True,1.8848386263271404
131,0.0,0.4940272196288864,0.6970156573378656,0.75,1.0,True,False,False,False,False,False,False,False,True,True,0.5601316136233174
132,0.0,0.6313811620968346,0.6656405347701118,0.75,1.0,True,False,False,False,False,False,False,True,False,True,0.3263193384513388
133,0.0,0.7580872920004922,0.22159196062279088,0.25,1.0,True,False,True,False,True,False,False,True,False,True,0.4741655034426528
134,0.0,0.9656112160837557,0.8927602344639609,0.75,1.0,True,False,False,False,False,False,False,True,False,True,0.7102968300391996
135,1.0,0.8414046573277452,1.6783274194059978,0.75,1.0,True,False,True,False,False,False,False,True,False,False,1.405449112087918
136,0.0,0.92404125294331,0.7713993774596934,0.75,1.0,False,False,True,False,False,False,False,False,False,False,0.6635228580314887
137,0.6666666666666666,0.7348531030667926,0.799669811397949,0.75,1.0,True,False,True,False,True,False,False,False,True,True,0.9582175379021598
138,0.0,1.8065875764180752,1.5287490011839577,0.75,0.0,True,False,False,False,False,False,False,True,False,False,1.6185059631277996
139,0.6666666666666666,0.8705293951953922,1.050984239678855,0.75,1.0,True,False,True,False,False,False,True,False,False,False,0.8125387623015071
140,0.6666666666666666,0.9846138561370661,1.3160548657440891,0.75,1.0,True,False,True,False,False,False,False,False,False,False,0.9929280638803908
141,0.0,1.0315150364236982,1.2427461902518968,0.75,1.0,True,False,False,False,False,False,False,False,True,True,0.7839695771252918
142,0.0,1.2032012985656673,1.2735856386349764,0.375,1.0,True,False,False,False,True,False,False,True,False,True,0.973418170208086
143,0.0,0.6277285235731791,1.0123053851137436,0.75,1.0,True,False,True,False,False,False,False,True,False,True,0.6861335190908489
144,0.6666666666666666,1.6051097935589844,1.3243364865758112,0.375,1.0,True,False,True,False,False,False,False,False,True,True,1.4059605802189863
145,0.0,0.5580231382878993,0.879980507817562,0.75,1.0,False,False,True,False,False,False,False,True,False,True,0.9582175379021598
146,0.6666666666666666,1.7990734167687434,0.6656405347701118,0.75,1.0,False,False,True,False,False,False,False,False,True,True,1.6106198107519796
147,0.3333333333333333,0.3891661899755088,0.28185115214098766,0.75,1.0,True,False,True,False,False,False,False,False,True,True,0.37766001815135686
148,0.0,1.4761757943610878,1.4699085011610242,0.75,1.0,False,False,False,False,False,False,False,False,False,False,1.3992910023536056
149,0.0,0.9610330524301136,1.0290655539712086,0.75,1.0,True,False,True,False,False,False,False,True,False,True,0.8204412425473051
150,0.0,1.1314297529809787,0.989512375585187,0.75,0.0,True,False,False,False,False,False,False,False,False,False,0.8946279952549302
151,0.0,0.6053409095532893,1.1684661158690262,0.75,1.0,True,False,True,False,True,False,False,False,False,True,0.9006999597898737
152,0.0,1.4086224859428873,1.5354491937537773,0.75,1.0,True,False,False,False,False,False,False,False,True,False,1.19614300609085
153,0.6666666666666666,0.5483640842836648,0.9602705259906897,0.75,1.0,True,False,True,False,False,False,True,False,False,False,0.2276403168492139
154,0.0,0.7246093125398235,0.49204572911439437,0.75,1.0,True,False,False,False,False,False,False,False,True,True,0.43540163810842747
155,1.0,2.6850280006511795,2.3187330794020276,0.375,0.0,True,False,True,False,False,False,False,True,False,True,2.5253642480424534
156,0.3333333333333333,1.1003246178536221,1.2062956857420757,0.75,1.0,True,False,True,False,False,False,False,False,False,True,0.8603046129103662
157,0.3333333333333333,1.4393192317275743,1.3243364865758112,0.75,1.0,True,False,True,False,False,False,False,False,True,True,1.229111293916725
158,0.0,0.6780378924766255,1.0009738191041937,0.75,1.0,True,False,False,False,False,True,False,False,False,True,0.7346050155042516
159,0.0,0.92404125294331,1.5715186775718066,0.75,1.0,True,False,True,False,False,False,False,True,False,True,1.285879297656107
160,0.0,0.46193776844961265,0.867035343225525,0.75,1.0,True,False,True,False,False,False,True,True,False,True,0.36553515147256765
161,0.0,1.2995633841694847,1.6339414354900141,0.75,1.0,True,False,True,False,False,False,False,False,True,False,1.078377906106476
162,0.3333333333333333,0.6968250703492181,1.0066556525716246,0.75,0.0,True,False,True,False,False,False,False,True,False,False,0.6301270868467367
163,0.6666666666666666,0.8657818679356787,1.1969716088669524,0.75,1.0,True,False,True,False,False,False,False,False,False,True,0.8104208444944556
164,0.0,1.4216929350859406,0.7047080029610213,0.375,1.0,True,False,True,False,False,False,False,False,True,True,1.2101898238571367
165,0.0,0.7971442993481839,1.303502399672969,0.75,1.0,True,False,True,False,False,False,False,False,False,True,0.964711738610357
166,0.0,0.92404125294331,0.9543181274633944,0.75,1.0,False,False,True,False,False,False,False,False,False,False,0.6635228580314887
167,0.0,0.5791807598092396,1.050984239678855,0.75,1.0,True,False,True,False,False,False,False,False,False,True,0.8311412872526281
168,0.0,0.5396104224983624,0.608247736773459,1.0,0.0,True,False,False,False,False,False,False,True,False,False,0.21714301682747136
169,0.6666666666666666,1.3058052527675545,1.3765571858420322,0.75,1.0,True,False,True,False,False,False,False,True,False,True,1.0851462291394613
170,0.0,0.45260812820211466,0.8472978603872034,0.75,1.0,True,False,True,False,False,True,True,False,False,True,0.4979910226731295
171,1.0,2.9280330929819836,2.4607145579110674,0.625,1.0,False,True,True,False,False,False,False,False,True,True,2.7726556294106697
172,1.0,0.768154491118216,0.7496593908232877,0.375,1.0,True,False,True,False,False,False,True,False,False,False,0.4857826220009267
173,0.0,1.06645256339783,1.3243364865758112,0.75,1.0,True,False,True,False,False,False,False,True,False,True,1.3744983606219587
174,0.0,0.8909861068495716,0.7926767759069784,0.75,1.0,True,False,True,False,True,False,True,True,False,False,0.737032169107047
175,0.0,0.7641716915248964,0.9779180428042678,0.75,1.0,True,False,True,False,False,False,False,False,False,True,0.7899384543569175
176,0.6666666666666666,0.5004896144353287,0.886390786178481,0.75,1.0,True,False,True,False,False,False,False,False,False,True,0.5114826380122476
177,1.0,1.043538499217881,2.144161732361008,0.75,0.0,True,False,True,False,False,False,False,True,False,False,1.7204433905465013
178,0.3333333333333333,0.8037637816469456,0.9779180428042678,0.75,1.0,True,False,True,False,False,False,False,True,False,True,0.5267322622731012
179,0.0,0.5586114889618625,0.8927602344639609,1.0,0.0,True,False,False,False,False,False,True,False,True,False,0.5326976187131379
180,0.3333333333333333,1.14493753578477,1.2950456896547455,0.75,0.0,True,False,True,False,False,False,False,False,True,False,1.5354791334439593
181,0.0,0.4733186084884743,0.6414458061830548,0.75,1.0,True,False,False,False,False,False,False,False,False,False,0.9766776648885562
182,0.0,0.9263513504511388,0.6892636805335477,0.375,1.0,True,False,True,False,False,False,False,True,False,True,0.6661285858961545
183,0.3333333333333333,2.5296899396784176,1.587493458179541,0.75,1.0,True,False,True,False,False,False,False,True,False,False,2.366674447302439
184,0.0,0.7843983430046305,0.9301477665355813,0.75,1.0,False,False,True,False,False,False,False,True,False,True,0.5044897185066323
185,0.0,2.664904743936363,1.0009738191041937,0.75,1.0,True,False,True,False,True,False,False,True,False,True,2.6142547145401447
186,0.3333333333333333,0.5277509870191844,0.6332490389788762,0.625,0.0,True,False,True,False,True,False,False,False,False,False,0.20289188631633806
187,0.0,0.568366712163037,0.5651376131197305,0.75,1.0,True,False,True,False,False,False,False,False,False,True,0.6539616601122836
188,0.0,0.16518033767770782,1.2427461902518968,0.75,1.0,False,True,True,False,True,False,False,False,False,True,0.8565155778101186
189,0.0,1.422106397425412,1.3284517187209177,0.375,1.0,True,False,True,False,False,False,False,False,False,True,1.210633948834986
190,0.0,0.9643053066588565,0.47290638890369696,0.75,1.0,True,False,False,False,False,False,True,False,False,True,0.7088311112834224
191,0.0,1.6217017350206793,1.2246870087134991,0.75,1.0,True,False,False,False,False,False,False,True,False,False,1.4235555872069663
192,0.0,1.1040814528733132,1.2062956857420757,0.75,1.0,True,False,True,False,False,False,True,False,True,False,0.8644560361570265
193,0.0,0.8201987555439798,0.7123416278160924,0.75,1.0,True,False,False,False,False,False,False,True,False,True,0.5455593255699913
194,0.0,0.8692368486991972,1.0009738191041937,0.75,1.0,True,False,False,False,False,False,False,False,False,True,0.6014736417196872
195,0.3333333333333333,0.7029532706495751,1.2516549351410062,0.75,1.0,True,False,True,False,False,False,False,True,False,False,0.8227998601418132
196,0.0,1.336263067170262,1.3243364865758112,0.75,1.0,True,False,False,False,False,False,False,False,False,True,1.4294951674702476
197,0.0,0.4713951199706593,1.0009738191041937,0.75,1.0,False,False,False,False,False,False,True,False,True,True,0.6146144512699262
198,0.0,0.7511573690214006,0.9602705259906897,0.75,1.0,False,False,True,False,False,False,False,True,False,True,0.8891315246468477
199,0.0,1.5515836569759256,0.7642051018256663,0.75,1.0,True,False,False,False,True,False,False,False,True,False,1.3490753830070596
200,0.3333333333333333,0.609635165592225,0.8135108628098204,0.75,1.0,True,False,True,False,False,False,True,True,False,True,0.7398801221269694
201,0.6666666666666666,0.969258715731154,1.2337573656834635,0.75,0.0,True,False,False,False,False,False,False,True,False,True,0.7143894501539241
202,1.0,0.8402218376437489,0.9602705259906897,0.375,1.0,True,False,True,False,False,False,True,False,True,False,0.5684366158990752
203,0.3333333333333333,0.7646504658717375,1.0829869707650288,0.75,1.0,True,False,True,False,False,False,True,False,True,True,0.6635228580314887
204,0.6666666666666666,0.829064328262466,1.0235099841266069,0.75,1.0,True,False,True,False,False,False,True,True,False,True,0.555696708312259
205,0.0,0.8999453604502755,1.0009738191041937,0.75,1.0,False,False,False,False,False,False,True,True,False,True,0.6362969259556239
206,0.0,0.722947216254253,0.7423064165180289,0.75,1.0,False,False,False,False,False,False,False,False,True,True,0.43347172889542196
207,0.0,0.8377036908531739,0.5383502971560806,0.75,1.0,True,False,False,False,False,False,True,False,False,True,0.9221402369125178
208,0.0,0.5868341024372546,0.5739095991925676,0.75,1.0,True,False,False,False,False,False,False,False,True,True,0.2735604429993322
209,0.0,0.7514807581421752,1.0400849492208193,0.75,1.0,True,False,False,False,False,False,False,True,False,False,0.4665320100537884
210,0.0,1.4761757943610878,1.4299031665473252,0.75,1.0,False,False,False,False,False,False,False,True,False,False,1.2685982294202445
211,1.0,0.7534188997486346,1.045549443692898,0.75,0.0,True,False,True,False,False,False,False,True,False,False,0.678300493358814
212,0.3333333333333333,1.285825224085414,1.522003613044426,0.75,1.0,True,False,True,False,True,False,False,False,True,True,1.0634684013395965
213,1.0,1.06586245362029,1.056389658245763,0.75,1.0,True,False,True,False,True,False,True,False,False,True,0.8221452464174375
214,0.0,0.711066219737631,1.093430929926112,0.75,1.0,True,False,True,False,False,False,False,False,True,True,0.8844664166247023
215,1.0,0.8189905699405452,0.879980507817562,0.75,1.0,True,False,True,False,False,False,True,True,False,True,0.7011745485505217
216,0.0,0.0,1.0829869707650288,0.75,1.0,True,False,True,False,False,False,False,False,False,False,0.14582780822640845
217,0.0,0.8002285796866275,1.0617660152821433,0.75,1.0,True,False,True,False,False,False,False,True,False,True,0.7954684776855406
218,0.6666666666666666,0.9792212771064915,0.6814511407967541,0.75,0.0,True,False,True,False,False,True,False,True,False,False,0.725558548983045
219,0.6666666666666666,0.8823714511165738,1.0400849492208193,0.75,1.0,False,False,True,False,False,False,False,True,False,True,0.9409232346889399
220,0.0,0.5364081781928507,0.5826053061601213,0.75,0.0,True,False,True,False,False,False,False,False,True,False,0.2132983300377826
221,0.6666666666666666,0.8427336592953596,0.9779180428042678,0.75,1.0,True,False,True,False,False,False,False,True,False,True,0.8251529277470993
222,0.0,0.676470766960012,1.1291490125281913,0.75,1.0,True,False,False,False,False,False,False,True,False,True,0.8298425170377539
223,0.0,1.2658245573787446,1.2735856386349764,0.75,1.0,True,False,True,False,False,False,False,True,False,True,1.1426592346307465
224,0.0,1.128440048616983,1.045549443692898,0.75,1.0,True,False,True,False,False,False,False,True,False,True,0.8913337395571977
225,0.0,0.723944805496516,1.2516549351410062,0.75,1.0,True,False,True,False,False,False,False,False,False,False,0.43463012131160844
226,0.0,0.9445092131538111,1.0986122886681098,0.75,1.0,True,False,True,False,True,False,True,False,True,False,0.6865835578580327
227,0.6666666666666666,1.128440048616983,1.4149496168802667,0.75,1.0,True,False,True,False,False,False,False,True,False,True,1.0795935155917447
228,0.0,0.9475701684317063,1.1969716088669524,1.0,1.0,True,False,False,True,False,False,False,True,False,True,0.6900271428553001
229,0.0,1.14493753578477,1.3765571858420322,0.75,1.0,True,False,False,False,True,False,False,False,False,True,0.9094993398626434
230,0.3333333333333333,0.5891187297993721,0.9053786984231724,0.75,1.0,True,False,True,False,False,False,False,True,False,True,0.6576736211672531
231,0.0,0.7985334028282279,0.4131871542020747,0.375,1.0,True,False,True,False,False,True,False,False,False,True,0.5207311066941864
232,0.0,0.7137559750787047,1.0009738191041937,0.75,1.0,True,False,False,False,False,False,True,False,False,True,0.8330862852838073
233,0.0,1.336263067170262,1.6489567326100099,0.75,1.0,False,False,False,False,False,False,False,True,False,True,1.118122476828687
234,0.3333333333333333,0.7080315718722295,1.1088951556236937,0.75,1.0,True,False,True,False,False,False,False,True,False,True,0.7159926937126125
235,0.3333333333333333,1.0416050806952368,1.2516549351410062,0.75,1.0,True,False,True,False,False,False,False,False,False,True,0.9517959338151443
236,0.0,1.0709260536999876,1.5715186775718066,0.75,1.0,True,False,True,False,False,True,False,False,True,False,0.8277609697491317
237,0.0,0.7587295012222114,1.0123053851137436,0.75,1.0,False,False,False,False,True,False,False,False,True,True,0.474907124205314
238,0.3333333333333333,0.8132316694294842,0.9543181274633944,0.75,1.0,False,False,False,False,False,False,False,False,False,True,0.5375836851548104
239,0.3333333333333333,0.7346887104969667,0.853920401147697,0.75,1.0,True,False,True,False,False,False,False,True,False,True,0.44709410761331986
240,0.6666666666666666,1.0794641172632058,1.0009738191041937,0.75,1.0,True,False,True,False,False,False,False,False,False,True,1.3349808733800106
241,0.3333333333333333,0.5927254155617646,1.1088951556236937,0.375,1.0,True,False,True,False,False,False,True,False,True,False,0.6496135520426987
242,0.0,0.6754246505713485,1.1828204293207094,0.125,1.0,True,False,False,False,False,False,False,False,True,True,1.1500459168970996
243,0.6666666666666666,1.128440048616983,0.9301477665355813,0.75,1.0,True,False,True,False,True,False,False,False,False,True,1.0387824569592254
244,0.0,0.7495388528470872,1.017923377417967,0.75,1.0,True,False,True,False,False,False,True,True,False,True,1.0671654179280177
245,0.0,1.106011297949496,1.0009738191041937,0.375,1.0,True,False,False,False,True,False,False,False,True,False,1.3001908500880102
246,0.6666666666666666,1.452638769940493,0.9543181274633944,0.75,1.0,True,False,True,False,False,False,False,False,True,True,1.2433934270084657
247,0.3333333333333333,1.1673728185890622,1.093430929926112,0.375,1.0,True,False,True,False,False,False,True,False,True,True,0.9341550923993321
248,0.3333333333333333,0.6608399604885898,1.017923377417967,1.0,1.0,True,False,True,False,False,False,False,True,False,True,0.6850826403282132
249,0.0,0.45020742866412294,0.8135108628098204,0.75,1.0,True,False,True,False,False,False,False,False,True,True,0.513802786364551
250,0.0,0.4189132637999306,1.3804634408090974,0.75,0.0,True,False,True,False,False,False,True,True,False,False,0.802972607488812
251,0.6666666666666666,0.7529347163950826,1.0986122886681098,0.75,1.0,False,False,False,False,False,False,False,False,True,False,0.46821265368756726
252,0.0,0.6064629293063449,0.9053786984231724,0.75,1.0,True,False,False,False,True,False,True,False,False,True,0.6888307186744804
253,0.3333333333333333,0.6209357675111957,1.6459716557665565,0.375,1.0,True,False,True,False,False,False,True,True,False,True,1.248451263093063
254,0.0,1.8746325227107452,1.3447453582070181,0.75,0.0,True,False,False,False,True,False,False,False,True,False,1.6897893879572359
255,1.0,0.6958000424983016,1.5715186775718066,0.75,1.0,False,False,False,False,False,False,False,False,False,True,0.40187626761296297
256,0.0,1.1054440829598131,0.9720700729218448,0.75,0.0,True,False,False,False,False,False,True,False,False,False,0.8659613818286808
257,1.0,1.0108995674065988,0.8406311690290141,0.75,1.0,True,False,True,False,False,False,False,False,True,False,0.7609850979269623
258,0.0,1.7886412163544934,1.7180489533593746,0.75,1.0,True,False,True,False,False,False,False,False,False,False,1.7186817075666263
259,1.0,0.9702984195092624,1.045549443692898,0.75,1.0,True,False,True,False,False,False,True,True,False,False,0.7155557003221025
260,0.3333333333333333,1.1097468694205002,1.7878759692016575,0.75,1.0,True,False,True,False,False,False,False,False,True,True,1.2961226923520892
261,0.0,0.5036016501419586,1.0777238007207541,0.75,1.0,True,False,False,False,False,False,False,True,False,True,0.6141308215225905
262,0.3333333333333333,0.7616143497651272,1.1828204293207094,0.075,1.0,False,False,False,False,False,False,False,True,False,False,0.4782376281495766
263,0.0,1.228602715094799,1.0009738191041937,0.75,1.0,False,False,False,False,False,False,False,False,False,True,1.0011743159117716
264,0.0,1.000367215013433,1.045549443692898,0.75,1.0,True,False,False,False,True,False,False,True,False,True,0.7492212325730072
265,0.0,0.8553447216570751,1.1636351885993605,0.75,1.0,True,False,False,False,False,False,False,False,False,True,1.0379384497424473
266,0.6666666666666666,0.9409039214932716,1.1587808101345625,0.75,1.0,True,False,True,False,False,False,False,True,False,True,0.8722093774196009
267,1.0,0.8894381189243568,1.2062956857420757,0.75,0.0,True,False,True,False,False,False,False,False,True,True,0.8782947709013529
268,0.0,0.7514807581421752,1.0829869707650288,0.75,1.0,False,False,False,False,False,True,False,False,False,False,0.4665320100537884
269,0.3333333333333333,0.6597773552349699,0.8135108628098204,0.75,1.0,False,False,False,False,False,False,False,False,True,True,0.6407031951699188
270,0.0,0.7217821029400269,0.28185115214098766,0.75,1.0,False,False,False,False,False,False,False,False,True,True,0.43211857291220657
271,0.0,1.5621325066477303,1.088222584818974,0.75,1.0,True,False,True,False,False,False,False,False,True,True,1.360301440819753
272,0.0,0.6521287942910831,1.0345904299031785,0.75,1.0,True,False,False,False,False,False,False,False,False,True,0.679811617215853
273,0.0,0.6133543702512922,1.1587808101345625,0.75,1.0,True,False,True,False,False,False,False,True,False,True,0.7026515244308277
274,0.6666666666666666,0.8265178918954582,0.8135108628098204,0.75,1.0,True,False,True,False,False,False,False,True,False,True,0.5527862918105673
275,0.3333333333333333,0.6371977739701804,0.9720700729218448,0.75,1.0,True,False,True,False,False,False,False,True,False,True,0.6649032067656548
276,0.0,0.8403697666381017,1.4035858582299516,0.75,1.0,True,False,True,False,False,False,False,True,False,True,1.0084838972101402
277,0.0,0.6992127239095555,0.7423064165180289,0.75,1.0,True,False,True,False,False,False,False,False,True,True,0.6355080450329639
278,0.0,1.7828942392428548,2.0307967157854945,0.75,1.0,True,False,True,False,False,False,False,True,False,True,1.5936296422895302
279,0.0,0.8560730538087178,1.0235099841266069,0.75,1.0,False,False,True,False,False,False,True,False,False,True,0.5865015596234974
280,0.3333333333333333,0.8492056977724639,1.1969716088669524,0.75,0.0,True,False,False,False,True,False,True,False,True,False,0.9189355215805559
281,0.0,0.8305592085767232,0.9543181274633944,0.75,1.0,True,False,True,False,False,False,False,True,False,True,0.685383004108552
282,0.6666666666666666,0.5523178306617433,0.7274362540385775,0.375,1.0,True,False,True,False,False,False,False,False,True,True,0.4417057210885599
283,0.0,0.4506443483870758,0.5292593254548287,0.75,1.0,False,False,False,False,False,False,False,False,True,True,0.47749847416078006
284,0.0,2.083482210359356,1.056389658245763,0.75,1.0,True,False,True,False,False,False,False,False,False,False,1.9072565827566206
285,0.0,0.7085379864677923,0.80661428375076,0.75,1.0,True,False,False,False,False,False,False,False,False,True,0.886556129333739
286,0.0,0.609635165592225,0.8735288725360733,0.625,1.0,False,False,False,False,True,False,False,True,False,False,0.6218409692370893
287,0.0,0.7966808357217817,1.0009738191041937,0.75,1.0,True,False,True,False,False,False,False,False,False,True,0.8222762034483312
288,0.0,0.8595616829737824,0.9720700729218448,0.75,1.0,False,False,False,False,False,False,False,True,False,True,0.5904720558198366
289,0.0,1.436878320869992,1.3243364865758112,0.75,1.0,True,False,False,False,False,False,False,False,False,True,1.2264924841829283
290,0.0,0.6944317022523019,1.1037669392567742,0.75,1.0,True,False,True,False,False,False,False,False,False,True,0.793987812044391
291,0.6666666666666666,0.8988298335968139,1.0400849492208193,0.75,0.0,True,False,True,False,False,False,False,True,False,False,0.6350344175865569
292,0.6666666666666666,0.7076938196103004,1.0777238007207541,0.75,1.0,True,False,True,False,False,False,False,False,True,True,0.6832785605902101
293,0.0,1.0315150364236982,1.1241238763255184,1.0,0.0,False,False,False,False,False,False,False,False,True,False,0.7839695771252918
294,0.0,0.568366712163037,1.2604850145892783,0.75,1.0,True,False,True,False,False,False,False,True,False,True,0.8239770860601908
295,1.0,0.9010596442900627,0.9423059710153908,0.75,1.0,True,False,True,False,False,True,False,False,True,True,0.8172877403871056
296,0.3333333333333333,1.195453325921672,1.3765571858420322,0.75,1.0,True,False,True,False,False,False,False,True,False,True,0.9649388412052136
297,0.3333333333333333,0.9352697258926944,1.0829869707650288,0.75,1.0,False,False,True,False,False,False,False,False,True,True,0.6761810763283836
298,0.0,0.9792212771064915,1.1636351885993605,1.0,1.0,False,False,False,False,False,False,False,False,False,False,1.037832898735749
299,0.3333333333333333,0.4940272196288864,0.9602705259906897,0.75,1.0,True,False,True,False,False,False,False,False,True,False,0.7167205919350873
300,0.0,0.4482389240914508,0.8339197344410275,0.75,0.0,True,False,True,False,False,False,True,False,True,False,0.6864335674383896
301,0.0,0.6596001445309797,0.9116287187683437,0.75,1.0,True,False,True,False,False,False,True,True,False,True,0.6699482462593075
302,0.0,0.9792212771064915,1.0671136216087387,0.75,1.0,False,False,False,False,False,False,False,False,False,True,0.725558548983045
303,0.3333333333333333,0.40917145590054116,0.853920401147697,0.75,1.0,True,False,True,False,False,False,False,False,True,True,0.46839921763266723
304,0.0,0.8414046573277452,1.1088951556236937,0.75,1.0,True,False,False,False,False,False,False,False,False,True,0.9214289649712815
305,0.0,0.49109497331386304,0.9602705259906897,0.75,1.0,True,False,False,False,False,False,True,False,True,False,0.1586235852206638
306,0.0,0.8056032854997509,1.0829869707650288,0.75,1.0,False,False,False,False,False,False,False,False,False,True,0.7854651398323979
307,0.0,0.5716619273952123,0.9053786984231724,0.75,0.0,False,False,False,False,False,False,False,False,True,False,0.6131628597686157
308,0.0,2.064788869644719,2.1165356660860764,0.75,1.0,True,False,False,False,False,False,False,False,False,False,1.8878659067873156
309,0.6666666666666666,1.2743905385341743,1.3160548657440891,0.75,1.0,True,False,True,False,False,False,True,False,False,True,1.0510453572705771
310,0.0,0.6670160874084502,0.7713993774596934,0.75,1.0,False,False,False,False,False,False,False,True,False,True,0.3682193884152968
311,0.0,0.6687737115536947,0.9483300856187717,0.75,1.0,True,False,False,False,False,False,True,True,False,True,0.772336912216963
312,0.0,0.5921568029611524,0.5473593670984466,0.75,1.0,False,False,False,False,False,False,False,False,False,True,0.27988730056726996
313,0.6666666666666666,1.0709260536999876,1.1291490125281913,0.175,1.0,True,False,True,False,True,False,False,False,False,True,0.8277609697491317
314,0.0,0.585689828449521,1.2016445145663448,0.75,1.0,False,True,True,False,False,False,False,False,False,False,0.621680946001374
315,0.3333333333333333,0.7484043308453318,0.9483300856187717,0.375,1.0,True,False,True,False,False,False,True,False,True,True,0.7311683854859841
316,0.6666666666666666,0.7986876286150851,1.0009738191041937,0.75,1.0,True,False,True,False,False,False,False,True,False,True,0.5209081262778827
317,0.0,0.5031872711864798,0.799669811397949,0.75,1.0,True,False,True,False,False,False,False,False,True,True,0.601636931219678
318,0.3333333333333333,0.7711708452070849,0.9543181274633944,0.75,1.0,False,False,False,False,False,False,False,True,False,True,0.48925987264126813
319,0.3333333333333333,1.4761757943610878,1.1828204293207094,0.75,1.0,True,False,True,False,True,False,False,False,False,False,1.2685982294202445
320,0.0,0.5716619273952123,0.9720700729218448,0.75,1.0,True,False,True,False,False,False,False,True,False,True,0.6610641902430459
321,1.0,0.890704832675718,1.0235099841266069,0.75,1.0,True,False,True,False,False,False,False,True,False,True,0.6555099853855934
322,0.6666666666666666,0.7806368778691032,0.9602705259906897,0.75,1.0,True,False,True,False,False,False,True,False,False,True,0.7527368703950984
323,0.0,0.7098871729444827,1.0671136216087387,0.75,1.0,False,False,False,False,False,False,False,False,False,True,0.8791610976714738
324,1.0,1.8066438605403392,1.7068600254415687,0.75,1.0,True,False,True,False,False,False,False,False,False,True,1.6185650225736588
325,0.3333333333333333,1.3658205574784386,1.9006022867217558,0.75,0.0,True,False,True,False,True,False,False,False,False,False,1.535414957210867
326,0.0,0.9684782278866557,1.056389658245763,0.75,0.0,True,False,False,False,False,False,False,False,False,True,0.7135138690678868
327,0.0,1.0793476485931464,1.3118881930492432,0.75,1.0,True,False,True,False,True,False,False,True,False,True,1.0829288422618868
328,0.0,0.8894381189243568,0.9423059710153908,0.75,1.0,False,False,True,False,False,False,False,False,True,False,0.9545531008168089
329,0.0,0.5908287815176331,0.6414458061830548,0.75,1.0,False,False,False,False,False,False,False,False,True,True,0.278309334947192
330,0.3333333333333333,0.8965950397342436,0.9837320126696876,0.75,1.0,True,False,False,False,False,False,False,False,True,True,0.8823723278701855
331,0.0,0.6701775899978321,0.867035343225525,0.75,1.0,True,False,False,False,False,False,False,True,False,True,0.37192416929331806
332,0.0,0.6521287942910831,0.6735770843658481,0.75,1.0,True,False,False,False,False,False,False,False,True,True,0.350746581166746
333,0.0,3.120509738030503,2.1350375814713987,0.375,1.0,True,False,True,False,False,True,False,False,True,True,2.9678509769449546
334,0.3333333333333333,1.4630094105312097,1.303502399672969,0.375,1.0,False,True,True,False,True,False,False,False,True,True,1.3992910023536056
335,0.0,1.0419678815215647,0.6656405347701118,0.75,1.0,True,False,True,False,True,False,False,True,False,True,1.2680114286891024
336,0.3333333333333333,1.0108995674065988,1.2062956857420757,0.75,1.0,True,False,True,False,False,True,False,False,False,True,0.8524580531056695
337,0.6666666666666666,0.5908287815176331,1.277914649724562,0.75,1.0,True,False,True,False,True,False,False,False,False,True,0.9901641323987347
338,1.0,0.45478559231776505,0.9602705259906897,0.75,0.0,False,False,False,False,False,False,True,False,True,False,0.11443292210479439
339,0.0,0.8647719125764225,0.6735770843658481,0.75,1.0,False,False,False,False,False,False,False,True,False,True,0.5963983966179206
340,1.0,0.6183534549077231,1.2648709865325327,0.75,1.0,True,False,True,False,False,False,True,False,False,False,0.6084711239312087
341,0.0,0.5673954611154354,0.45339357468011515,0.75,1.0,False,False,False,False,False,False,False,False,False,False,0.25040007327945596
342,0.3333333333333333,0.9200881398346009,1.1969716088669524,0.75,1.0,True,False,True,False,False,False,True,False,True,True,0.8325679889252545
343,1.0,0.711066219737631,0.6970156573378656,0.75,1.0,True,False,True,False,False,False,True,True,False,True,0.41966121517991184
344,0.6666666666666666,0.6064629293063449,1.0290655539712086,0.75,1.0,True,False,True,False,False,True,False,False,False,True,0.712929722141249
345,0.0,0.5906389201158856,1.2062956857420757,0.75,1.0,True,False,True,False,False,False,False,True,False,True,0.7193366472043998
346,0.0,0.7683134736304745,1.1684661158690262,0.75,0.0,True,False,True,False,False,False,True,False,False,False,0.9509903260513202
347,0.6666666666666666,0.6958000424983016,1.0345904299031785,0.75,1.0,True,False,True,False,False,False,True,False,True,True,0.7611243137315221
348,0.0,1.1376022718897512,1.5843188523387683,0.75,1.0,True,False,True,False,False,False,False,True,False,True,1.3425589798825053
349,0.0,0.6142820141026004,1.3243364865758112,0.75,1.0,True,False,True,False,False,False,False,False,False,True,1.1695736040085687
350,0.0,1.4016429756052475,1.48054689936608,0.75,1.0,True,False,True,False,False,False,False,True,False,True,1.1886364767080262
351,0.0,1.373140532649361,1.7291140731718473,0.75,1.0,True,False,False,False,False,False,False,False,False,False,1.4872971314091459
352,1.0,0.6218564083421952,0.8472978603872034,0.75,1.0,True,False,True,False,False,False,False,False,False,True,0.6886810649542026
353,0.0,1.0416050806952368,0.9116287187683437,0.75,0.0,False,False,True,False,True,False,False,False,False,False,0.7951994287684706
354,0.0,0.5761029464725891,1.056389658245763,0.75,1.0,False,False,True,False,False,False,False,True,False,True,0.37048505167618434
355,0.0,0.8133836451136673,0.9779180428042678,0.375,1.0,False,False,False,False,False,False,False,False,True,True,0.5377577467565209
356,0.6666666666666666,1.336263067170262,1.2292324710851739,0.75,1.0,True,False,True,False,False,False,False,False,False,True,1.3870087374947888
357,0.3333333333333333,0.8227613134732574,0.6414458061830548,0.75,1.0,True,False,True,False,False,False,False,False,True,False,0.548490820829699
358,0.0,0.6815116258871976,0.879980507817562,1.0,0.0,True,False,True,False,False,False,True,False,True,False,0.6761810763283836
359,1.0,1.000493254842186,1.3765571858420322,0.75,1.0,True,False,True,False,False,False,False,True,False,True,1.1182198848737432
360,0.3333333333333333,0.9429084657967256,0.7496593908232877,0.75,1.0,False,False,False,False,False,False,False,True,False,False,0.6847821863023665
361,0.6666666666666666,0.9792212771064915,1.5083747819888202,0.75,1.0,True,False,True,False,False,False,False,True,False,True,1.1501402645972203
362,0.0,0.9465065507019732,1.056389658245763,0.75,1.0,True,False,True,False,False,False,False,False,True,True,0.9882802859036355
363,0.0,0.6837630989546654,0.8472978603872034,0.625,1.0,True,False,True,False,False,False,False,False,True,True,0.8660867250734862
364,0.0,1.18994166471418,1.1139972075075892,0.75,1.0,True,False,False,False,True,False,False,False,False,True,0.9589031274374377
365,0.0,1.1246624762119157,1.0724327830863385,0.75,1.0,True,False,False,False,False,False,True,False,False,False,0.8871699205664038
366,0.0,0.5908287815176331,0.853920401147697,1.0,1.0,True,False,False,False,False,False,False,True,False,False,0.278309334947192
367,0.0,0.9950591456782605,1.0235099841266069,0.75,0.0,True,False,False,False,False,False,False,False,False,False,0.7432869938819425
368,0.3333333333333333,1.136722812700433,1.2735856386349764,0.75,1.0,True,False,True,False,False,False,False,True,False,True,0.9004577877720904
369,0.0,2.0426771067473926,2.271886106105239,0.75,1.0,True,False,True,False,False,False,False,False,False,False,2.0825133479402065
370,0.0,1.8484750543854678,0.5383502971560806,0.75,1.0,False,False,False,False,True,False,False,True,False,True,1.6624142343459383
371,0.6666666666666666,1.0027592594625883,1.1828204293207094,0.75,1.0,True,False,True,False,False,False,False,True,False,True,0.7518942438362819
372,0.6666666666666666,1.4216929350859406,1.9098295724908305,0.625,1.0,True,False,True,False,True,False,False,False,False,True,1.740508912823933
373,0.3333333333333333,0.6922041482126351,0.9483300856187717,0.375,0.0,True,False,False,False,False,False,False,False,True,False,0.7326017502284587
374,0.0,0.6397319413142545,0.9423059710153908,0.75,1.0,False,False,False,False,False,True,False,False,True,True,0.6066857258184536
375,0.0,0.955379605871016,1.0009738191041937,0.375,1.0,True,False,True,False,False,False,False,False,True,True,0.8269792710977864
376,1.0,1.373140532649361,1.056389658245763,0.75,1.0,True,False,True,False,False,False,False,False,False,True,1.5416209544770094
377,0.0,0.8861936528253437,1.056389658245763,0.75,1.0,True,False,True,False,False,False,False,True,False,True,0.6207202684577382
378,0.0,0.693404216932007,0.6735770843658481,1.0,1.0,True,False,False,False,False,False,False,False,True,False,0.39908106933813414
379,0.6666666666666666,1.028333243370414,1.056389658245763,0.75,1.0,True,False,True,False,False,False,False,False,True,True,0.7804256938836649
380,0.0,0.7376436498546778,1.045549443692898,0.75,1.0,True,False,True,False,False,True,False,True,False,True,0.8390274652319268
381,0.0,1.0935724750111286,1.6955444874489927,0.75,1.0,True,False,False,False,False,False,False,True,False,True,1.282992243522795
382,0.0,1.1003246178536221,1.1875597746846058,0.75,1.0,False,False,False,False,False,False,False,False,True,True,0.8603046129103662
383,0.0,1.2252864624324329,1.045549443692898,0.75,1.0,True,False,False,False,True,False,False,False,True,True,0.9975543399147517
384,0.6666666666666666,0.9217258065260988,0.879980507817562,0.75,1.0,True,False,True,False,False,False,False,False,True,False,0.6609103226066069
385,0.3333333333333333,0.7909470527730085,0.9602705259906897,0.375,1.0,True,False,False,False,False,True,False,False,True,True,0.5120185348506432
386,0.0,0.5611570160853564,1.0671136216087387,0.75,1.0,True,False,False,False,False,False,True,True,False,True,0.5606420701228775
387,0.0,0.6832439779878248,0.9602705259906897,0.75,0.0,True,False,True,False,False,False,True,False,True,False,0.8785423694290351
388,0.0,0.5586114889618625,1.088222584818974,0.75,1.0,True,False,True,False,False,False,False,False,True,True,0.6888307186744804
389,0.0,1.040152559711176,1.0290655539712086,0.75,1.0,True,False,True,False,False,False,False,False,False,True,0.7935836133577208
390,1.0,1.4087062801443777,1.3160548657440891,0.75,1.0,True,False,False,False,False,False,False,False,False,True,1.1962331035470768
391,1.0,1.4365524154611518,1.6339414354900141,0.75,1.0,True,False,True,False,False,False,False,False,False,True,1.2261427908058138
392,0.0,0.6064629293063449,1.0009738191041937,0.75,1.0,True,False,True,False,False,False,False,False,True,True,0.6810188743350506
393,0.6666666666666666,0.48962561956503503,0.9602705259906897,0.375,1.0,True,False,True,False,False,False,True,True,False,True,0.5032293864313944
394,0.6666666666666666,0.6987015635644674,0.9602705259906897,0.75,1.0,True,False,True,False,False,False,False,False,True,True,0.6507023527858103
395,0.6666666666666666,0.7282562291388006,1.0829869707650288,0.75,1.0,True,False,True,False,False,False,False,True,False,True,0.5284904758891603
396,0.0,0.7122438780164018,0.6735770843658481,0.75,0.0,False,False,False,False,False,False,False,False,True,False,0.4210313217291724
397,0.0,0.6872170355547504,0.8472978603872034,0.75,1.0,True,False,True,False,False,False,False,False,True,True,0.6494579122597667
398,0.0,0.8268178094203876,0.9362453464036998,0.75,1.0,True,False,False,False,False,False,True,False,False,True,0.8043067250363206
399,0.0,0.38030109050788474,0.8990893695156085,0.75,0.0,False,False,False,False,False,False,False,True,False,False,0.44423156077035536
400,0.6666666666666666,0.6620782412058105,0.44349250369740356,0.375,0.0,True,False,True,False,False,False,True,False,True,False,0.36242897529963025
401,0.0,0.6381035711335612,0.6249845291289828,0.625,1.0,True,False,False,False,False,False,True,False,False,False,0.3342438320495544
402,0.0,0.5908287815176331,0.8990893695156085,0.75,1.0,True,False,False,False,False,False,False,True,False,True,1.9852427067789362
403,0.0,0.48330381998378796,0.5200849491787873,0.75,1.0,False,False,False,False,False,False,True,True,False,True,0.14917049346844655
404,0.0,1.2524936214155433,1.3527936913898464,0.75,1.0,False,False,False,False,True,False,False,False,False,False,1.0272211348663955
405,0.0,0.9191315942574297,0.9720700729218448,0.75,1.0,False,False,False,False,False,False,False,True,False,True,0.6579823301987108
406,0.0,0.5255242654513509,0.9720700729218448,0.75,1.0,True,False,True,False,False,False,True,False,True,True,0.6610641902430459
407,0.0,0.5348032024245093,0.6332490389788762,0.75,1.0,False,False,False,False,False,False,True,False,False,True,0.21137042929141606
408,0.3333333333333333,1.333285800445585,1.1684661158690262,0.625,0.0,True,False,True,False,False,False,False,True,False,False,1.1149026767820436
409,1.0,3.3573180189223804,1.8628173904937761,0.75,0.0,True,False,True,False,False,False,False,False,False,False,3.2073528468935946
410,0.3333333333333333,0.8215562218157801,0.5997731097824868,0.75,1.0,False,False,False,False,True,False,True,True,False,False,0.5471123640778229
411,0.0,1.1291052002406416,1.2062956857420757,0.75,1.0,True,False,True,False,False,True,False,False,True,True,0.8920667347885926
412,0.0,1.1112146352931278,1.4446363980603092,0.75,0.0,True,False,True,False,False,False,True,False,False,False,0.8723339400104396
413,0.0,0.54280244515878,0.9423059710153908,0.75,1.0,True,False,True,False,False,False,True,False,False,True,0.6168683025852669
414,0.0,0.5218698100594998,1.2865168533072253,0.75,0.0,False,False,True,False,False,False,True,True,False,False,0.7797427356784044
415,0.0,0.6806443231441929,0.5826053061601213,0.75,1.0,False,False,False,False,False,False,False,False,True,True,0.3841752396797888
416,0.3333333333333333,0.609635165592225,1.2062956857420757,0.75,1.0,False,False,False,False,False,False,False,False,True,False,0.30061877921628233
417,0.6666666666666666,0.40346367784750053,1.5186137792899146,0.75,1.0,True,False,True,False,True,False,False,False,True,False,1.9477110827799957
418,0.0,0.2622983470619762,0.9543181274633944,0.75,1.0,True,False,True,False,False,False,False,False,False,True,0.5351436361366647
419,0.0,0.7232798565899603,1.0986122886681098,0.75,1.0,True,False,True,False,False,False,False,True,False,True,0.6757263305367037
420,0.0,1.0806280584991907,1.0986122886681098,0.75,1.0,True,False,True,False,False,False,False,False,False,True,0.8385122398271305
421,0.0,0.6317456932227158,0.7423064165180289,0.75,0.0,False,False,False,False,False,False,True,False,True,False,0.3267492987350074
422,0.0,0.45260812820211466,0.879980507817562,0.75,1.0,True,False,True,False,False,False,False,False,True,True,0.4888944151323708
423,0.3333333333333333,1.2336064783495886,0.9423059710153908,0.75,0.0,True,False,True,False,False,False,False,False,True,False,1.173452229291869
424,0.0,1.799867045108916,0.853920401147697,0.75,1.0,True,False,True,False,False,False,False,True,False,True,1.6114528668200503
425,0.0,0.6218564083421952,1.0066556525716246,0.75,1.0,True,False,True,False,False,False,False,False,False,True,0.9752178257786621
426,0.3333333333333333,0.9271654065302846,0.7496593908232877,0.75,1.0,False,False,False,False,False,False,True,False,False,False,0.66704663585435
427,0.6666666666666666,1.0928832555248829,1.0724327830863385,0.75,1.0,True,False,True,False,False,False,False,True,False,True,0.8520768147308078
428,0.0,0.6675436990984948,0.7926767759069784,0.75,1.0,True,False,True,False,False,False,False,False,False,True,0.37215423621189625
429,0.0,0.6311988466906778,0.5826053061601213,0.375,1.0,True,False,False,False,False,False,True,False,True,True,0.32610428896493526
430,0.3333333333333333,1.3621403780783938,1.1587808101345625,0.75,1.0,False,False,False,False,True,False,False,True,False,True,1.1460752538958956
431,0.0,1.1557865708641764,0.9116287187683437,0.75,0.0,True,False,False,False,False,False,False,False,False,False,0.9214289649712815
432,0.0,1.679328410068666,1.9656476318936347,0.75,1.0,True,False,False,False,False,True,False,True,False,True,1.4845322942407146
433,0.0,0.5764881915895563,1.1241238763255184,0.75,1.0,True,False,True,False,False,False,False,True,False,True,0.6910728410791992
434,0.0,0.8037637816469456,0.879980507817562,0.75,1.0,True,False,False,False,False,False,False,False,True,True,0.5267322622731012
435,0.0,1.479850257099072,1.056389658245763,0.5,1.0,False,False,False,True,False,False,False,True,False,True,1.272529284698129
436,0.0,0.4754514876163354,0.49204572911439437,0.75,1.0,True,False,False,False,False,False,False,True,False,True,0.5314723627111161
437,0.0,0.5348032024245093,1.056389658245763,0.75,1.0,True,False,True,False,False,False,False,False,True,True,0.45146749269051856
438,0.0,1.5082389625120987,1.3243364865758112,0.75,0.0,True,False,False,False,True,False,False,False,True,False,1.30286679658224
439,0.0,1.2227668078036913,1.0986122886681098,0.75,1.0,False,False,True,False,True,False,True,False,False,True,0.9948031831758428
440,0.0,0.7898585749793334,1.3243364865758112,0.75,1.0,True,False,False,False,False,False,False,True,False,True,1.1555034223441418
441,0.0,1.2965683891842272,1.2950456896547455,0.75,1.0,True,False,True,False,False,False,False,False,False,True,1.2460541232726317
442,1.0,0.9407701422288578,1.1490007810809229,0.75,1.0,True,False,False,False,False,False,True,True,False,True,0.9448695731590049
443,0.3333333333333333,2.6302415000326818,1.1684661158690262,0.75,1.0,True,False,False,False,False,False,False,True,False,True,2.4694558188231257
444,0.0,1.2418578423938051,1.2735856386349764,0.625,1.0,True,False,True,False,False,False,False,False,False,True,1.6571436348696904
445,0.3333333333333333,0.7592108876243185,1.056389658245763,0.75,1.0,True,False,True,False,True,False,False,False,False,True,0.6776954038570719
446,0.6666666666666666,0.9333845842854701,0.9423059710153908,0.75,1.0,True,False,True,False,False,False,True,False,False,True,0.6740571578272221
447,0.0,0.7708537623665368,0.5383502971560806,0.75,1.0,True,False,True,False,False,True,False,False,False,False,0.7132218382580213
448,0.6666666666666666,0.7387904389711846,1.1587808101345625,0.75,0.0,True,False,True,False,False,False,False,False,False,False,0.7327449737680651
449,0.3333333333333333,0.640635446977452,1.3366317234328484,0.75,1.0,True,False,False,False,True,False,True,True,False,False,0.6208804454857316
450,0.6666666666666666,0.5538949625805664,1.0290655539712086,0.75,0.0,True,False,True,False,False,False,True,False,False,False,0.4934530624006812
451,0.6666666666666666,0.48224629027439975,0.5826053061601213,0.625,1.0,True,False,True,False,False,False,True,False,True,True,0.4657841497173668
452,0.0,0.8336912021884187,1.1539027516811295,0.75,0.0,True,False,True,False,False,False,False,False,False,False,0.8192598443105713
453,0.0,0.587596224985337,0.8135108628098204,0.375,0.0,True,False,True,False,False,False,False,False,False,True,0.7181748007983099
454,0.0,1.2169981449084477,0.7713993774596934,0.75,1.0,True,False,False,False,True,False,False,True,False,True,0.9885020991893307
455,0.6666666666666666,0.8203496761600223,0.853920401147697,0.75,1.0,True,False,True,False,False,False,False,True,False,True,0.5457320045597476
456,0.0,0.8849212081463762,0.989512375585187,0.75,1.0,True,False,True,False,False,False,False,False,True,True,0.6192775194826078
457,0.0,0.7972987395029308,1.2648709865325327,0.75,1.0,True,False,True,False,False,False,False,False,True,False,0.8946279952549302
458,0.6666666666666666,0.8923912922139299,1.088222584818974,0.75,1.0,True,False,False,False,False,False,False,False,False,True,0.6277438986270717
459,0.0,1.3363531491449196,1.2062956857420757,0.75,1.0,True,False,True,False,False,False,False,True,False,False,1.1182198848737432
460,0.0,0.5083547072406273,1.2062956857420757,0.75,1.0,False,True,True,False,True,False,False,True,False,True,0.881014988761724
461,1.0,1.2813622027185607,1.045549443692898,0.375,1.0,True,False,True,False,False,False,False,False,True,True,1.0586210783558194
462,0.0,0.6841090299448832,1.1732738174371293,0.75,1.0,True,False,True,False,False,False,False,False,False,True,0.7544199964409296
463,0.3333333333333333,1.003513454709198,1.0671136216087387,0.75,1.0,False,False,False,False,False,True,True,True,False,True,0.7527368703950984
464,0.0,0.865637651033208,0.867035343225525,0.75,0.0,True,False,False,False,False,False,False,True,False,False,0.5973827144646994
465,0.0,1.1003246178536221,1.1088951556236937,0.75,1.0,True,False,False,False,False,False,False,False,False,True,0.8603046129103662
466,1.0,0.6722797191769416,0.6656405347701118,0.375,0.0,True,False,True,False,False,False,True,False,True,False,0.6678110341935358
467,0.0,1.8976082975184658,0.9423059710153908,0.75,1.0,False,True,True,False,False,False,False,True,False,True,1.7138075924460308
468,0.6666666666666666,0.020356937068744103,0.867035343225525,0.75,1.0,False,False,True,False,False,True,True,True,False,True,0.4106106540739235
469,0.0,0.8894381189243568,0.9423059710153908,0.75,1.0,True,False,True,False,False,False,False,False,True,False,0.9545531008168089
470,0.3333333333333333,0.7566408115168487,1.2155336267270118,0.75,1.0,True,False,True,False,True,False,False,True,False,True,0.7990935708980538
471,0.3333333333333333,0.6194609769406354,0.9602705259906897,0.375,0.0,True,False,True,False,False,False,True,False,False,False,0.5952487998970764
472,1.0,0.9386272364332741,0.879980507817562,0.75,1.0,True,False,True,False,False,False,False,True,False,True,0.6799626040851893
473,0.0,0.5908287815176331,0.8339197344410275,0.75,1.0,False,False,False,False,True,False,False,False,True,True,0.278309334947192
474,0.6666666666666666,1.045468186845563,1.2155336267270118,0.75,1.0,True,False,False,False,False,False,False,False,False,True,1.2835703215410226
475,0.6666666666666666,1.888989334171047,1.1587808101345625,0.75,1.0,True,False,True,False,True,False,False,False,False,True,1.7582813161549595
476,0.6666666666666666,1.177137795615239,1.4875768052943381,0.625,1.0,True,False,True,False,False,False,False,True,False,True,1.1294553133197254
477,0.6666666666666666,0.659245628884264,1.0671136216087387,0.75,0.0,False,True,True,False,False,False,False,True,False,False,0.6880822260101298
478,0.3333333333333333,1.8963227520130934,0.7856344932815654,0.75,1.0,True,False,True,False,True,False,False,True,False,True,1.8266591113037
479,0.6666666666666666,0.6722797191769416,1.056389658245763,0.75,1.0,True,False,True,False,False,False,False,False,True,False,0.6584452151295408
480,0.0,0.8918294549914816,1.1780585155604657,0.75,1.0,False,False,False,False,False,False,True,False,False,True,0.6271074213797347
481,1.0,0.6978490485938237,0.9602705259906897,0.75,1.0,True,False,True,False,False,False,True,False,False,True,0.4042659489163695
482,0.0,0.5083547072406273,1.045549443692898,0.75,1.0,True,False,True,False,False,False,False,True,False,True,0.7586154591252814
483,0.0,1.5393794715935094,1.5014900732113232,0.75,1.0,True,False,True,False,False,False,False,True,False,True,1.336078173211849
484,0.6666666666666666,1.336263067170262,1.5421047923655131,0.75,1.0,True,False,True,False,False,False,False,True,False,True,1.118122476828687
485,0.3333333333333333,0.48224629027439975,1.0617660152821433,0.75,1.0,True,False,True,False,False,False,True,False,False,True,0.6340864891931753
486,0.6666666666666666,0.7721214909255137,0.7423064165180289,0.75,0.0,True,False,False,False,False,False,False,False,False,False,0.49035544449550755
487,0.3333333333333333,1.9785696517051492,2.153203385277958,0.75,1.0,True,False,True,False,False,False,False,False,True,False,1.7982492048690295
488,0.6666666666666666,0.92404125294331,1.2062956857420757,0.75,1.0,True,False,True,False,True,False,False,True,False,True,0.9409232346889399
489,0.0,0.5784121941070784,0.7047080029610213,0.75,1.0,True,False,False,False,False,False,False,False,True,False,0.2635366495804725
490,0.0,0.6279114727138284,0.853920401147697,0.75,1.0,True,False,False,False,False,False,True,True,False,True,0.7930444275085308
491,0.3333333333333333,1.0211987029897618,1.3202042492909005,0.75,1.0,True,False,True,False,False,False,True,False,True,True,0.9171506764016041
492,0.0,0.7946700075113592,0.9423059710153908,0.75,1.0,True,False,False,False,False,False,True,False,False,True,0.5162954021718497
493,0.0,1.9265290267437591,1.4699085011610242,0.75,1.0,False,False,False,False,True,False,True,True,False,True,1.7440054030041527
494,0.0,0.7800085891497782,0.9952595178407551,0.75,0.0,True,False,True,False,False,False,False,False,False,False,0.8288022849982344
495,0.3333333333333333,0.736495544102846,0.9116287187683437,0.175,1.0,False,False,True,False,False,False,False,True,False,True,0.609281615956366
496,0.0,0.609635165592225,0.9240127779680654,0.75,1.0,True,False,True,False,False,False,True,False,False,True,0.6191170854761905
497,0.0,0.9297388875659213,0.9483300856187717,0.025,1.0,True,False,True,False,False,False,False,False,True,True,1.031585586790001
498,0.3333333333333333,0.6631384056305784,0.8472978603872034,0.75,1.0,True,False,True,False,True,False,False,True,False,True,0.3636726038078008
499,0.0,1.1320929196258966,1.4111760274966274,0.75,0.0,True,False,False,False,False,False,False,False,False,False,1.3255257247060335
500,0.0,0.15671807533250404,0.9602705259906897,1.0,1.0,False,False,False,False,False,False,False,False,False,True,0.6235995368098064
501,0.0,0.7087067343588441,0.879980507817562,0.75,1.0,False,False,False,False,False,False,False,True,False,True,0.4169153576130725
502,0.6666666666666666,0.9616883604483218,1.4073881441796903,0.75,1.0,True,False,True,False,False,False,False,True,False,True,1.3087609965120806
503,0.3333333333333333,0.8487657505590325,1.0986122886681098,0.75,1.0,True,False,True,False,False,False,True,False,False,False,1.212763007351541
504,0.0,0.8135355977047514,1.0235099841266069,0.625,1.0,True,False,True,False,False,False,True,True,False,True,0.7675073798176698
505,0.6666666666666666,0.766244726871029,1.53210470903093,0.75,1.0,True,False,True,False,False,False,False,False,False,True,1.0776681175607
506,0.0,2.090540813069239,2.1165356660860764,0.75,1.0,True,False,True,False,False,False,False,False,True,True,2.171427356364005
507,0.0,0.777806464783663,0.853920401147697,0.75,1.0,False,True,False,False,False,False,False,False,True,False,0.49690378881938174
508,0.0,0.5868341024372546,1.3284517187209177,0.75,1.0,True,False,True,False,True,False,False,False,True,True,0.7941225086421922
509,0.3333333333333333,1.7037036894405144,0.3924610236849577,0.75,1.0,False,False,False,False,False,False,False,False,True,True,1.5102643155912905
510,0.0,0.780165698340989,0.879980507817562,0.75,1.0,True,False,False,False,False,False,True,False,False,False,0.7088311112834224
511,0.3333333333333333,1.1077110150725893,1.555284554809923,0.75,1.0,True,False,True,False,False,False,False,True,False,True,1.092069037929502
512,0.6666666666666666,0.729413828077396,1.1490007810809229,0.75,1.0,True,False,True,False,False,False,False,False,True,True,0.7704078972796706
513,0.0,0.5179977856579848,0.6656405347701118,0.375,1.0,True,False,True,False,False,False,False,True,False,False,1.1622370813751748
514,0.0,1.0789981611711361,1.7373332975249793,0.75,1.0,True,False,False,False,False,False,False,False,False,False,1.2241296773218282
515,1.0,0.7592108876243185,1.1587808101345625,0.75,1.0,True,False,True,False,False,False,False,False,False,True,0.9670937474118118
516,0.6666666666666666,0.49757628389697134,0.9602705259906897,1.0,1.0,False,False,True,False,False,False,False,True,False,True,0.511303941894794
517,0.0,0.694260527996492,1.017923377417967,0.75,0.0,True,False,True,False,False,False,True,True,False,False,0.707216335443222
518,0.0,0.9375540590548039,1.3160548657440891,0.75,1.0,True,False,False,False,False,False,False,True,False,False,0.9329835274325412
519,0.0,0.7485664842428007,0.8472978603872034,0.75,1.0,False,False,False,False,False,False,True,False,False,False,0.4631622252876964
520,0.6666666666666666,0.5305778440253374,0.44349250369740356,0.75,1.0,True,False,True,False,False,False,True,True,False,True,0.558598678865022
521,0.0,0.5908287815176331,0.5383502971560806,0.75,1.0,True,False,False,False,False,False,False,True,False,True,0.278309334947192
522,1.0,1.062788256697265,0.879980507817562,0.75,1.0,True,False,True,False,True,False,False,False,False,True,0.9902748364572862
523,0.6666666666666666,1.3009642062140194,2.1165356660860764,0.75,1.0,True,False,True,False,True,False,False,False,False,True,1.6252750379981369
524,0.0,0.9371513204267262,1.056389658245763,0.75,1.0,True,False,False,False,False,False,False,True,False,False,0.9526008930974859
525,0.6666666666666666,1.9382915327011512,1.9547304928982863,0.75,1.0,True,False,True,False,True,False,False,False,False,True,1.7562763897921982
526,0.0,0.8075922702435898,0.9423059710153908,0.75,1.0,True,False,True,False,False,False,False,True,False,True,0.5311220136503875
527,0.3333333333333333,1.015255517044643,1.2109253236408177,0.75,0.0,True,False,True,False,False,False,True,True,False,True,0.9466056661195286
528,0.3333333333333333,0.6242461153617891,0.8406311690290141,0.75,1.0,True,False,False,False,False,False,True,True,False,True,0.5665782223757736
529,0.0,1.1858664239644787,1.056389658245763,0.75,1.0,True,False,False,False,False,False,True,True,False,True,0.9544383705060535
530,0.0,0.2622983470619762,1.4372969155722635,0.75,1.0,True,False,True,False,False,False,False,False,False,True,0.9243892662654409
531,1.0,0.882087743050269,0.879980507817562,0.75,1.0,True,False,True,False,False,False,False,False,True,True,0.6160639387072224
532,0.6666666666666666,0.7785934945740125,0.9423059710153908,0.75,0.0,True,False,False,False,False,False,False,False,False,False,0.4978098990997183
533,0.3333333333333333,1.5695794638371166,1.360777765738067,0.75,1.0,True,False,False,False,False,False,False,True,False,False,1.3682219168906984
534,0.0,1.9705758899178758,1.0290655539712086,0.75,1.0,False,False,False,False,True,False,True,False,True,True,1.7899247393862865
535,0.0,0.6002761829136812,1.0345904299031785,0.75,1.0,True,False,False,False,False,True,True,False,False,True,0.6649032067656548
536,0.0,1.1153803697567766,1.7721893730339577,0.75,1.0,True,False,True,False,False,False,False,False,True,True,1.2718612592707854
537,0.6666666666666666,0.7831460927040248,0.9240127779680654,0.75,1.0,True,False,False,False,False,False,False,True,False,True,0.5030492092536797
538,0.0,0.6670160874084502,0.6332490389788762,0.75,1.0,True,False,True,False,False,False,True,False,False,False,0.4730520400252761
539,1.0,1.1467901954254078,1.1922767645627448,0.375,1.0,True,False,True,False,False,False,False,False,False,True,0.9115374428910704
540,0.3333333333333333,0.9274366113593928,1.1088951556236937,0.375,1.0,False,False,True,False,False,False,False,True,False,True,1.028500508318579
541,0.0,0.5196299394427344,0.8735288725360733,0.75,0.0,False,False,False,False,False,False,False,True,False,False,0.19311327386911187
542,0.3333333333333333,0.7886131478704271,0.8472978603872034,0.75,1.0,False,False,False,False,False,True,False,True,False,True,0.509336174179066
543,0.3333333333333333,0.5400099829871464,1.045549443692898,0.75,1.0,True,False,True,False,False,False,True,False,True,True,0.6907741817214935
544,0.0,0.6844548413082325,0.8927602344639609,0.75,1.0,False,False,True,False,False,False,True,True,False,True,0.5143374416159953
545,0.0,0.6404548111388105,1.1828204293207094,0.75,1.0,True,False,True,False,False,False,False,False,False,True,0.684030656057547
546,0.0,0.741733300573514,0.7423064165180289,0.075,1.0,True,False,False,False,False,False,True,True,False,False,0.4552549509933628
547,0.0,0.5957525676227234,1.1341490229448972,0.75,1.0,True,False,False,False,False,False,False,False,False,True,0.6205600657689541
548,0.0,0.9792212771064915,0.8990893695156085,0.75,0.0,False,False,False,False,False,False,False,True,False,False,0.725558548983045
549,0.0,0.6435211916078715,0.9423059710153908,0.75,1.0,True,False,True,False,False,False,False,False,False,True,0.6964335127117259
550,0.6666666666666666,1.1700357941721289,1.1946269419076982,0.75,0.0,True,False,True,False,True,False,False,False,False,False,0.9370780138805265
551,0.3333333333333333,0.5893088800186177,0.9602705259906897,0.75,1.0,True,False,True,False,False,False,True,False,False,True,0.7061873915302016
552,0.3333333333333333,0.7376436498546778,1.1969716088669524,0.75,1.0,True,False,True,False,False,False,False,False,True,True,0.9312236023969194
553,0.0,0.5820576317588922,1.2992829841302609,0.75,0.0,True,False,True,False,False,False,True,False,True,False,0.6943522204298255
554,0.0,0.7793799054355546,1.0671136216087387,0.375,0.0,True,False,True,False,False,False,False,False,False,False,1.0708488169138333
555,0.3333333333333333,1.0377269930620194,0.23393779644509025,0.75,1.0,True,False,True,False,False,False,False,True,False,True,0.9214289649712815
556,0.0,0.6220404348425306,0.7713993774596934,0.75,1.0,False,False,False,False,False,False,False,False,True,True,0.6178326859750531
557,1.0,1.4870039752551758,1.587493458179541,0.75,1.0,True,False,True,False,True,False,False,True,False,True,1.2801796727116574
558,0.0,0.8245662323658998,1.2155336267270118,0.75,1.0,True,False,True,False,False,False,False,True,False,True,0.928047910919641
559,0.0,0.8676547974559478,1.303502399672969,0.75,1.0,False,False,True,False,False,False,False,True,False,True,0.9197673603753929
560,0.6666666666666666,0.7921895783658089,0.9301477665355813,0.75,1.0,True,False,True,False,False,False,True,True,False,True,0.555696708312259
561,0.3333333333333333,2.031682336891674,2.3187330794020276,0.75,1.0,False,False,True,False,True,False,False,True,False,True,1.8534906796805952
562,0.0,1.0915033898428235,1.4187090198041725,0.75,1.0,True,False,True,False,False,False,False,False,False,True,1.082827935030108
563,0.0,1.0772488895880528,1.0671136216087387,0.75,1.0,True,False,False,False,True,False,True,True,False,True,0.8347688956158877
564,0.6666666666666666,1.377385903780414,1.5811341362712485,0.75,0.0,True,False,True,False,False,False,False,False,True,False,1.162516668901521
565,0.0,0.9081341640164252,1.0009738191041937,0.75,1.0,True,False,True,False,False,False,True,False,False,True,0.6455590240778778
566,0.0,0.7376436498546778,0.6656405347701118,0.75,1.0,True,False,False,False,False,False,False,False,True,True,0.45051838248120885
567,1.0,0.7485664842428007,1.017923377417967,0.75,0.0,True,False,True,False,False,False,False,False,False,False,0.8476182611558631
568,0.0,0.5673954611154354,0.0,0.75,1.0,False,False,False,False,False,False,False,False,True,False,0.25040007327945596
569,0.0,0.7098871729444827,0.9053786984231724,0.75,0.0,True,False,True,False,False,False,False,False,True,False,0.758196704057024
570,0.3333333333333333,0.7513190766543533,1.3202042492909005,0.75,1.0,True,False,True,False,False,False,False,False,True,True,0.7493620956483444
571,0.0,0.9940448825168253,1.2292324710851739,0.75,0.0,True,False,True,False,False,False,False,False,True,False,0.9293429287849767
572,0.6666666666666666,1.8962712958023176,1.6339414354900141,0.75,1.0,True,False,True,False,False,False,False,False,True,True,1.712410613427263
573,0.6666666666666666,1.1144811396618992,1.3243364865758112,1.0,1.0,True,False,True,False,False,False,True,True,False,False,1.0596543932933706
574,1.0,1.1455918076580633,1.1587808101345625,0.75,1.0,True,False,True,False,False,False,False,True,False,False,0.9102191447546244
575,0.6666666666666666,0.7087067343588441,0.9301477665355813,0.175,1.0,True,False,True,False,False,False,False,False,True,True,0.5035896434246142
576,0.0,0.6964835111280682,1.088222584818974,0.75,0.0,False,True,True,False,False,False,False,True,False,False,0.7675073798176698
577,0.0,0.7204488805110647,0.9423059710153908,0.75,1.0,True,False,False,False,False,False,False,False,True,True,0.856262464275008
578,0.3333333333333333,0.4442902516360344,0.9240127779680654,0.75,1.0,True,False,True,False,False,False,False,False,False,True,0.5721430740472753
579,0.0,0.7125800972344971,1.2109253236408177,0.75,1.0,True,False,False,False,False,True,False,False,True,True,0.8727075347149704
580,0.6666666666666666,1.1600934415861608,1.3959376373916947,0.75,1.0,True,False,True,False,False,False,False,True,False,True,0.9261612497286937
581,0.0,0.4560897985671895,0.8135108628098204,0.75,1.0,True,False,False,False,False,False,False,False,True,False,2.4164774836521614
582,0.0,0.7098871729444827,0.34967374847974875,0.75,1.0,False,False,True,False,False,False,False,True,False,True,0.4182892288629183
583,0.3333333333333333,0.465602355434888,0.5912260492040284,0.75,1.0,True,False,True,False,False,False,False,False,False,False,0.12763411154867882
584,0.3333333333333333,0.643881324861066,1.1391241575850108,0.75,0.0,True,False,True,False,False,False,False,False,False,False,0.6819233616711431
585,0.3333333333333333,0.8823714511165738,1.2604850145892783,0.175,1.0,True,False,True,False,False,False,False,False,False,False,1.010221594010484
586,0.0,0.5515283309661408,0.9053786984231724,0.75,1.0,True,False,True,False,False,False,False,False,True,True,0.5388014806000121
587,0.0,0.5251188737360594,0.6656405347701118,0.75,1.0,False,False,False,False,False,False,True,True,False,True,0.19972431373612928
588,0.0,0.9465065507019732,0.8406311690290141,0.75,1.0,False,True,False,False,False,False,False,True,False,True,0.6888307186744804
589,0.6666666666666666,0.6328384899802246,0.9178399188609845,0.75,0.0,True,False,True,False,True,False,False,True,False,False,0.3280380715024838
590,0.0,0.6815116258871976,0.5473593670984466,0.375,1.0,True,False,True,False,False,False,False,True,False,True,0.9114176693945861
591,0.6666666666666666,1.1003246178536221,1.3959376373916947,0.5,1.0,True,False,True,False,True,False,False,True,False,False,0.8603046129103662
592,1.0,1.4245011136812977,1.68409944120312,0.75,1.0,False,True,False,False,True,False,False,True,False,True,1.2132059912361655
593,0.0,0.8203496761600223,1.1190733605394498,0.375,1.0,True,False,True,False,False,False,False,False,False,True,0.9966747929786137
594,0.0,1.867773242420284,1.587493458179541,0.75,1.0,True,False,True,False,True,False,False,False,True,True,1.682614010888516
595,0.0,0.8164183185601032,0.9423059710153908,0.75,1.0,True,False,False,False,False,False,True,False,False,True,0.5412326314229912
596,0.6666666666666666,1.143081437424626,1.3243364865758112,0.75,1.0,True,False,True,False,True,False,True,False,False,False,1.0210143167304448
597,0.0,0.6792550722478348,0.799669811397949,0.75,0.0,True,False,False,False,False,False,False,True,False,False,0.3825504094851597
598,0.0,1.4732736039171304,1.2950456896547455,0.75,1.0,True,False,True,False,True,False,False,False,False,True,1.2654926609736865
599,0.6666666666666666,1.0749117573527454,1.3447453582070181,0.75,1.0,True,False,True,False,False,False,False,False,True,True,0.832179090290994
600,1.0,0.08725413529636893,1.8384556497537408,0.375,1.0,False,False,False,False,False,True,False,False,True,False,2.5738686537566626
601,0.0,0.6629617895933831,1.1828204293207094,0.75,1.0,True,False,True,False,False,True,True,False,False,True,0.8199163489656266
602,1.0,1.06586245362029,1.045549443692898,0.75,1.0,True,False,True,False,False,False,False,False,True,True,0.8221452464174375
603,0.0,0.7923447855677349,1.2604850145892783,0.75,1.0,True,False,False,False,False,False,False,False,False,True,1.082827935030108
604,0.3333333333333333,1.6217017350206793,2.1459766148918304,0.75,1.0,False,False,True,False,False,False,False,True,False,True,1.4235555872069663
605,0.0,0.5716619273952123,0.9602705259906897,0.375,1.0,True,False,True,False,False,False,True,False,True,False,0.8852044610312767
606,0.3333333333333333,0.7485664842428007,1.2648709865325327,0.75,1.0,True,False,True,False,False,False,False,True,False,True,0.8476182611558631
607,0.6666666666666666,0.839481864249025,1.1922767645627448,0.75,1.0,True,False,True,False,False,False,True,False,False,True,0.7813810524426587
608,0.0,0.7209490472437325,0.9301477665355813,0.75,1.0,True,False,True,False,False,False,False,False,False,True,0.7514726641498976
609,0.0,0.664021018220973,0.6735770843658481,0.75,1.0,False,False,False,False,False,False,False,False,False,True,0.36470778076279614
610,1.0,0.8569463527507637,0.3924610236849577,0.375,1.0,True,False,True,False,False,False,False,False,False,True,0.5874956626041277
611,0.3333333333333333,1.3124697843078599,1.5650566195437157,0.75,1.0,True,False,True,False,False,False,False,False,True,True,1.1160747130139443
612,0.6666666666666666,1.2663077425446971,1.3243364865758112,0.75,1.0,True,False,True,False,False,False,False,False,True,True,1.0422564765236446
613,0.0,0.92404125294331,1.0724327830863385,0.75,0.0,False,False,False,False,True,False,False,True,False,False,0.6635228580314887
